timeStamp,elapsed,label,responseCode,responseMessage,threadName,dataType,success,failureMessage,bytes,sentBytes,grpThreads,allThreads,URL,Latency,IdleTime,Connect
1683411121450,535,StressTestCase ,200,OK,ThreadStressTestCase_20_60 1-1,text,true,,570,1201175,12,28,http://34.121.113.211:8080/api/tasks,535,0,3
1683411121491,988,StressTestCase ,200,OK,ThreadStressTestCase_20_60 1-2,text,true,,570,1201207,20,50,http://34.121.113.211:8080/api/tasks,988,0,2
1683411121534,1422,StressTestCase ,200,OK,ThreadStressTestCase_20_60 1-3,text,true,,570,1201195,20,50,http://34.121.113.211:8080/api/tasks,1422,0,1
1683411121584,1852,StressTestCase ,200,OK,ThreadStressTestCase_20_60 1-4,text,true,,570,1201179,20,50,http://34.121.113.211:8080/api/tasks,1852,0,1
1683411121635,2319,StressTestCase ,200,OK,ThreadStressTestCase_20_60 1-5,text,true,,570,1201199,20,50,http://34.121.113.211:8080/api/tasks,2319,0,1
1683411121683,2777,StressTestCase ,200,OK,ThreadStressTestCase_20_60 1-6,text,true,,570,1201211,20,50,http://34.121.113.211:8080/api/tasks,2777,0,2
1683411121734,3211,StressTestCase ,200,OK,ThreadStressTestCase_20_60 1-7,text,true,,570,1201211,20,50,http://34.121.113.211:8080/api/tasks,3211,0,1
1683411121784,3627,StressTestCase ,200,OK,ThreadStressTestCase_20_60 1-8,text,true,,570,1201187,20,50,http://34.121.113.211:8080/api/tasks,3627,0,1
1683411121835,4038,StressTestCase ,200,OK,ThreadStressTestCase_20_60 1-9,text,true,,570,1201203,20,50,http://34.121.113.211:8080/api/tasks,4038,0,1
1683411121884,4457,StressTestCase ,200,OK,ThreadStressTestCase_20_60 1-10,text,true,,571,1201211,20,50,http://34.121.113.211:8080/api/tasks,4457,0,2
1683411121933,4875,StressTestCase ,200,OK,ThreadStressTestCase_20_60 1-11,text,true,,571,1201191,20,50,http://34.121.113.211:8080/api/tasks,4875,0,2
1683411121988,5304,StressTestCase ,200,OK,ThreadStressTestCase_20_60 1-1,text,true,,571,1201203,20,50,http://34.121.113.211:8080/api/tasks,5304,0,0
1683411121983,5773,StressTestCase ,200,OK,ThreadStressTestCase_20_60 1-12,text,true,,571,1201187,20,50,http://34.121.113.211:8080/api/tasks,5773,0,1
1683411122034,6197,StressTestCase ,200,OK,ThreadStressTestCase_20_60 1-13,text,true,,571,1201191,20,50,http://34.121.113.211:8080/api/tasks,6197,0,1
1683411122085,6601,StressTestCase ,200,OK,ThreadStressTestCase_20_60 1-14,text,true,,571,1201203,20,50,http://34.121.113.211:8080/api/tasks,6601,0,1
1683411122133,7036,StressTestCase ,200,OK,ThreadStressTestCase_20_60 1-15,text,true,,571,1201207,20,50,http://34.121.113.211:8080/api/tasks,7036,0,2
1683411122183,7468,StressTestCase ,200,OK,ThreadStressTestCase_20_60 1-16,text,true,,571,1201175,20,50,http://34.121.113.211:8080/api/tasks,7468,0,2
1683411122233,7873,StressTestCase ,200,OK,ThreadStressTestCase_20_60 1-17,text,true,,571,1201175,20,50,http://34.121.113.211:8080/api/tasks,7873,0,1
1683411122284,8331,StressTestCase ,200,OK,ThreadStressTestCase_20_60 1-18,text,true,,571,1201203,20,50,http://34.121.113.211:8080/api/tasks,8331,0,2
1683411122334,8732,StressTestCase ,200,OK,ThreadStressTestCase_20_60 1-19,text,true,,571,1201179,20,50,http://34.121.113.211:8080/api/tasks,8732,0,2
1683411122383,9146,StressTestCase ,200,OK,ThreadStressTestCase_20_60 1-20,text,true,,571,1201203,20,50,http://34.121.113.211:8080/api/tasks,9146,0,1
1683411122484,9523,StressTestCase ,200,OK,ThreadStressTestCase_20_60 1-2,text,true,,571,1201175,20,50,http://34.121.113.211:8080/api/tasks,9523,0,0
1683411122956,9583,StressTestCase ,200,OK,ThreadStressTestCase_20_60 1-3,text,true,,571,1201207,20,50,http://34.121.113.211:8080/api/tasks,9583,0,0
1683411123436,9568,StressTestCase ,200,OK,ThreadStressTestCase_20_60 1-4,text,true,,571,1201215,20,50,http://34.121.113.211:8080/api/tasks,9568,0,0
1683411123954,9524,StressTestCase ,200,OK,ThreadStressTestCase_20_60 1-5,text,true,,571,1201211,20,50,http://34.121.113.211:8080/api/tasks,9524,0,0
1683411124460,9484,StressTestCase ,200,OK,ThreadStressTestCase_20_60 1-6,text,true,,571,1201179,20,50,http://34.121.113.211:8080/api/tasks,9484,0,0
1683411124945,9460,StressTestCase ,200,OK,ThreadStressTestCase_20_60 1-7,text,true,,571,1201215,20,50,http://34.121.113.211:8080/api/tasks,9460,0,0
1683411125412,9485,StressTestCase ,200,OK,ThreadStressTestCase_20_60 1-8,text,true,,571,1201211,20,50,http://34.121.113.211:8080/api/tasks,9485,0,0
1683411125874,9490,StressTestCase ,200,OK,ThreadStressTestCase_20_60 1-9,text,true,,571,1201183,20,50,http://34.121.113.211:8080/api/tasks,9490,0,0
1683411126341,9506,StressTestCase ,200,OK,ThreadStressTestCase_20_60 1-10,text,true,,571,1201199,20,50,http://34.121.113.211:8080/api/tasks,9506,0,0
1683411126809,9534,StressTestCase ,200,OK,ThreadStressTestCase_20_60 1-11,text,true,,571,1201191,20,50,http://34.121.113.211:8080/api/tasks,9534,0,0
1683411127293,9524,StressTestCase ,200,OK,ThreadStressTestCase_20_60 1-1,text,true,,571,1201175,20,50,http://34.121.113.211:8080/api/tasks,9524,0,0
1683411127757,9568,StressTestCase ,200,OK,ThreadStressTestCase_20_60 1-12,text,true,,571,1201215,20,50,http://34.121.113.211:8080/api/tasks,9568,0,0
1683411128232,9594,StressTestCase ,200,OK,ThreadStressTestCase_20_60 1-13,text,true,,571,1201207,20,50,http://34.121.113.211:8080/api/tasks,9594,0,0
1683411128686,9616,StressTestCase ,200,OK,ThreadStressTestCase_20_60 1-14,text,true,,571,1201179,20,50,http://34.121.113.211:8080/api/tasks,9616,0,0
1683411129169,9610,StressTestCase ,200,OK,ThreadStressTestCase_20_60 1-15,text,true,,571,1201183,20,50,http://34.121.113.211:8080/api/tasks,9610,0,0
1683411129651,9619,StressTestCase ,200,OK,ThreadStressTestCase_20_60 1-16,text,true,,571,1201191,20,50,http://34.121.113.211:8080/api/tasks,9619,0,0
1683411130106,9621,StressTestCase ,200,OK,ThreadStressTestCase_20_60 1-17,text,true,,571,1201191,20,50,http://34.121.113.211:8080/api/tasks,9621,0,0
1683411130615,9585,StressTestCase ,200,OK,ThreadStressTestCase_20_60 1-18,text,true,,571,1201203,20,50,http://34.121.113.211:8080/api/tasks,9585,0,0
1683411131066,9625,StressTestCase ,200,OK,ThreadStressTestCase_20_60 1-19,text,true,,571,1201187,20,50,http://34.121.113.211:8080/api/tasks,9625,0,0
1683411131529,9622,StressTestCase ,200,OK,ThreadStressTestCase_20_60 1-20,text,true,,571,1201183,20,50,http://34.121.113.211:8080/api/tasks,9622,0,0
1683411132007,9613,StressTestCase ,200,OK,ThreadStressTestCase_20_60 1-2,text,true,,571,1201215,20,50,http://34.121.113.211:8080/api/tasks,9613,0,0
1683411132539,9599,StressTestCase ,200,OK,ThreadStressTestCase_20_60 1-3,text,true,,571,1201199,20,50,http://34.121.113.211:8080/api/tasks,9599,0,0
1683411121454,21020,StressTestCase ,Non HTTP response code: org.apache.http.conn.HttpHostConnectException,Non HTTP response message: Connect to 34.70.250.35:8080 [/34.70.250.35] failed: Connection timed out: connect,ThreadStressTestCase _15_300 2-1,text,false,,2715,0,15,50,http://34.70.250.35:8080/api/tasks,0,0,21020
1683411121457,21032,StressTestCase ,Non HTTP response code: org.apache.http.conn.HttpHostConnectException,Non HTTP response message: Connect to 34.70.250.35:8080 [/34.70.250.35] failed: Connection timed out: connect,ThreadStressTestCase _15_600 3-1,text,false,,2715,0,15,50,http://34.70.250.35:8080/api/tasks,0,0,21032
1683411121524,21028,StressTestCase ,Non HTTP response code: org.apache.http.conn.HttpHostConnectException,Non HTTP response message: Connect to 34.70.250.35:8080 [/34.70.250.35] failed: Connection timed out: connect,ThreadStressTestCase _15_600 3-2,text,false,,2715,0,15,50,http://34.70.250.35:8080/api/tasks,0,0,21028
1683411121521,21031,StressTestCase ,Non HTTP response code: org.apache.http.conn.HttpHostConnectException,Non HTTP response message: Connect to 34.70.250.35:8080 [/34.70.250.35] failed: Connection timed out: connect,ThreadStressTestCase _15_300 2-2,text,false,,2715,0,15,50,http://34.70.250.35:8080/api/tasks,0,0,21031
1683411121587,21012,StressTestCase ,Non HTTP response code: org.apache.http.conn.HttpHostConnectException,Non HTTP response message: Connect to 34.70.250.35:8080 [/34.70.250.35] failed: Connection timed out: connect,ThreadStressTestCase _15_300 2-3,text,false,,2715,0,15,50,http://34.70.250.35:8080/api/tasks,0,0,21012
1683411133004,9597,StressTestCase ,200,OK,ThreadStressTestCase_20_60 1-4,text,true,,571,1201211,20,50,http://34.121.113.211:8080/api/tasks,9597,0,0
1683411121592,21054,StressTestCase ,Non HTTP response code: org.apache.http.conn.HttpHostConnectException,Non HTTP response message: Connect to 34.70.250.35:8080 [/34.70.250.35] failed: Connection timed out: connect,ThreadStressTestCase _15_600 3-3,text,false,,2715,0,15,50,http://34.70.250.35:8080/api/tasks,0,0,21054
1683411121659,21018,StressTestCase ,Non HTTP response code: org.apache.http.conn.HttpHostConnectException,Non HTTP response message: Connect to 34.70.250.35:8080 [/34.70.250.35] failed: Connection timed out: connect,ThreadStressTestCase _15_600 3-4,text,false,,2715,0,15,50,http://34.70.250.35:8080/api/tasks,0,0,21018
1683411121654,21054,StressTestCase ,Non HTTP response code: org.apache.http.conn.HttpHostConnectException,Non HTTP response message: Connect to 34.70.250.35:8080 [/34.70.250.35] failed: Connection timed out: connect,ThreadStressTestCase _15_300 2-4,text,false,,2715,0,15,50,http://34.70.250.35:8080/api/tasks,0,0,21054
1683411121725,21031,StressTestCase ,Non HTTP response code: org.apache.http.conn.HttpHostConnectException,Non HTTP response message: Connect to 34.70.250.35:8080 [/34.70.250.35] failed: Connection timed out: connect,ThreadStressTestCase _15_600 3-5,text,false,,2715,0,15,50,http://34.70.250.35:8080/api/tasks,0,0,21031
1683411121721,21049,StressTestCase ,Non HTTP response code: org.apache.http.conn.HttpHostConnectException,Non HTTP response message: Connect to 34.70.250.35:8080 [/34.70.250.35] failed: Connection timed out: connect,ThreadStressTestCase _15_300 2-5,text,false,,2715,0,15,50,http://34.70.250.35:8080/api/tasks,0,0,21049
1683411121790,21012,StressTestCase ,Non HTTP response code: org.apache.http.conn.HttpHostConnectException,Non HTTP response message: Connect to 34.70.250.35:8080 [/34.70.250.35] failed: Connection timed out: connect,ThreadStressTestCase _15_300 2-6,text,false,,2715,0,15,50,http://34.70.250.35:8080/api/tasks,0,0,21012
1683411121791,21042,StressTestCase ,Non HTTP response code: org.apache.http.conn.HttpHostConnectException,Non HTTP response message: Connect to 34.70.250.35:8080 [/34.70.250.35] failed: Connection timed out: connect,ThreadStressTestCase _15_600 3-6,text,false,,2715,0,15,50,http://34.70.250.35:8080/api/tasks,0,0,21042
1683411121855,21040,StressTestCase ,Non HTTP response code: org.apache.http.conn.HttpHostConnectException,Non HTTP response message: Connect to 34.70.250.35:8080 [/34.70.250.35] failed: Connection timed out: connect,ThreadStressTestCase _15_300 2-7,text,false,,2715,0,15,50,http://34.70.250.35:8080/api/tasks,0,0,21040
1683411121859,21036,StressTestCase ,Non HTTP response code: org.apache.http.conn.HttpHostConnectException,Non HTTP response message: Connect to 34.70.250.35:8080 [/34.70.250.35] failed: Connection timed out: connect,ThreadStressTestCase _15_600 3-7,text,false,,2715,0,15,50,http://34.70.250.35:8080/api/tasks,0,0,21036
1683411121922,21036,StressTestCase ,Non HTTP response code: org.apache.http.conn.HttpHostConnectException,Non HTTP response message: Connect to 34.70.250.35:8080 [/34.70.250.35] failed: Connection timed out: connect,ThreadStressTestCase _15_300 2-8,text,false,,2715,0,15,50,http://34.70.250.35:8080/api/tasks,0,0,21036
1683411121927,21047,StressTestCase ,Non HTTP response code: org.apache.http.conn.HttpHostConnectException,Non HTTP response message: Connect to 34.70.250.35:8080 [/34.70.250.35] failed: Connection timed out: connect,ThreadStressTestCase _15_600 3-8,text,false,,2715,0,15,50,http://34.70.250.35:8080/api/tasks,0,0,21047
1683411121994,21026,StressTestCase ,Non HTTP response code: org.apache.http.conn.HttpHostConnectException,Non HTTP response message: Connect to 34.70.250.35:8080 [/34.70.250.35] failed: Connection timed out: connect,ThreadStressTestCase _15_600 3-9,text,false,,2715,0,15,50,http://34.70.250.35:8080/api/tasks,0,0,21026
1683411121989,21031,StressTestCase ,Non HTTP response code: org.apache.http.conn.HttpHostConnectException,Non HTTP response message: Connect to 34.70.250.35:8080 [/34.70.250.35] failed: Connection timed out: connect,ThreadStressTestCase _15_300 2-9,text,false,,2715,0,15,50,http://34.70.250.35:8080/api/tasks,0,0,21031
1683411133478,9602,StressTestCase ,200,OK,ThreadStressTestCase_20_60 1-5,text,true,,571,1201203,20,50,http://34.121.113.211:8080/api/tasks,9602,0,0
1683411122057,21042,StressTestCase ,Non HTTP response code: org.apache.http.conn.HttpHostConnectException,Non HTTP response message: Connect to 34.70.250.35:8080 [/34.70.250.35] failed: Connection timed out: connect,ThreadStressTestCase _15_300 2-10,text,false,,2715,0,15,50,http://34.70.250.35:8080/api/tasks,0,0,21042
1683411122060,21039,StressTestCase ,Non HTTP response code: org.apache.http.conn.HttpHostConnectException,Non HTTP response message: Connect to 34.70.250.35:8080 [/34.70.250.35] failed: Connection timed out: connect,ThreadStressTestCase _15_600 3-10,text,false,,2715,0,15,50,http://34.70.250.35:8080/api/tasks,0,0,21039
1683411122127,21018,StressTestCase ,Non HTTP response code: org.apache.http.conn.HttpHostConnectException,Non HTTP response message: Connect to 34.70.250.35:8080 [/34.70.250.35] failed: Connection timed out: connect,ThreadStressTestCase _15_600 3-11,text,false,,2715,0,15,50,http://34.70.250.35:8080/api/tasks,0,0,21018
1683411122125,21020,StressTestCase ,Non HTTP response code: org.apache.http.conn.HttpHostConnectException,Non HTTP response message: Connect to 34.70.250.35:8080 [/34.70.250.35] failed: Connection timed out: connect,ThreadStressTestCase _15_300 2-11,text,false,,2715,0,15,50,http://34.70.250.35:8080/api/tasks,0,0,21020
1683411122195,21029,StressTestCase ,Non HTTP response code: org.apache.http.conn.HttpHostConnectException,Non HTTP response message: Connect to 34.70.250.35:8080 [/34.70.250.35] failed: Connection timed out: connect,ThreadStressTestCase _15_600 3-12,text,false,,2715,0,15,50,http://34.70.250.35:8080/api/tasks,0,0,21029
1683411122190,21049,StressTestCase ,Non HTTP response code: org.apache.http.conn.HttpHostConnectException,Non HTTP response message: Connect to 34.70.250.35:8080 [/34.70.250.35] failed: Connection timed out: connect,ThreadStressTestCase _15_300 2-12,text,false,,2715,0,15,50,http://34.70.250.35:8080/api/tasks,0,0,21049
1683411122262,21040,StressTestCase ,Non HTTP response code: org.apache.http.conn.HttpHostConnectException,Non HTTP response message: Connect to 34.70.250.35:8080 [/34.70.250.35] failed: Connection timed out: connect,ThreadStressTestCase _15_600 3-13,text,false,,2715,0,15,50,http://34.70.250.35:8080/api/tasks,0,0,21040
1683411122257,21060,StressTestCase ,Non HTTP response code: org.apache.http.conn.HttpHostConnectException,Non HTTP response message: Connect to 34.70.250.35:8080 [/34.70.250.35] failed: Connection timed out: connect,ThreadStressTestCase _15_300 2-13,text,false,,2715,0,15,50,http://34.70.250.35:8080/api/tasks,0,0,21060
1683411122324,21025,StressTestCase ,Non HTTP response code: org.apache.http.conn.HttpHostConnectException,Non HTTP response message: Connect to 34.70.250.35:8080 [/34.70.250.35] failed: Connection timed out: connect,ThreadStressTestCase _15_300 2-14,text,false,,2715,0,15,50,http://34.70.250.35:8080/api/tasks,0,0,21025
1683411122329,21035,StressTestCase ,Non HTTP response code: org.apache.http.conn.HttpHostConnectException,Non HTTP response message: Connect to 34.70.250.35:8080 [/34.70.250.35] failed: Connection timed out: connect,ThreadStressTestCase _15_600 3-14,text,false,,2715,0,15,50,http://34.70.250.35:8080/api/tasks,0,0,21035
1683411122393,21034,StressTestCase ,Non HTTP response code: org.apache.http.conn.HttpHostConnectException,Non HTTP response message: Connect to 34.70.250.35:8080 [/34.70.250.35] failed: Connection timed out: connect,ThreadStressTestCase _15_300 2-15,text,false,,2715,0,15,50,http://34.70.250.35:8080/api/tasks,0,0,21034
1683411122395,21032,StressTestCase ,Non HTTP response code: org.apache.http.conn.HttpHostConnectException,Non HTTP response message: Connect to 34.70.250.35:8080 [/34.70.250.35] failed: Connection timed out: connect,ThreadStressTestCase _15_600 3-15,text,false,,2715,0,15,50,http://34.70.250.35:8080/api/tasks,0,0,21032
1683411133944,9605,StressTestCase ,200,OK,ThreadStressTestCase_20_60 1-6,text,true,,571,1201191,20,50,http://34.121.113.211:8080/api/tasks,9605,0,0
1683411134405,9611,StressTestCase ,200,OK,ThreadStressTestCase_20_60 1-7,text,true,,571,1201179,20,50,http://34.121.113.211:8080/api/tasks,9611,0,0
1683411134898,9582,StressTestCase ,200,OK,ThreadStressTestCase_20_60 1-8,text,true,,571,1201195,20,50,http://34.121.113.211:8080/api/tasks,9582,0,0
1683411135365,9574,StressTestCase ,200,OK,ThreadStressTestCase_20_60 1-9,text,true,,571,1201211,20,50,http://34.121.113.211:8080/api/tasks,9574,0,0
1683411135848,9564,StressTestCase ,200,OK,ThreadStressTestCase_20_60 1-10,text,true,,571,1201199,20,50,http://34.121.113.211:8080/api/tasks,9564,0,0
1683411136343,9539,StressTestCase ,200,OK,ThreadStressTestCase_20_60 1-11,text,true,,571,1201211,20,50,http://34.121.113.211:8080/api/tasks,9539,0,0
1683411136818,9577,StressTestCase ,200,OK,ThreadStressTestCase_20_60 1-1,text,true,,571,1201179,20,50,http://34.121.113.211:8080/api/tasks,9577,0,0
1683411137325,9534,StressTestCase ,200,OK,ThreadStressTestCase_20_60 1-12,text,true,,571,1201179,20,50,http://34.121.113.211:8080/api/tasks,9534,0,0
1683411137826,9497,StressTestCase ,200,OK,ThreadStressTestCase_20_60 1-13,text,true,,571,1201215,20,50,http://34.121.113.211:8080/api/tasks,9497,0,0
1683411138303,9486,StressTestCase ,200,OK,ThreadStressTestCase_20_60 1-14,text,true,,571,1201175,20,50,http://34.121.113.211:8080/api/tasks,9486,0,0
1683411138780,9483,StressTestCase ,200,OK,ThreadStressTestCase_20_60 1-15,text,true,,571,1201179,20,50,http://34.121.113.211:8080/api/tasks,9483,0,0
1683411139271,9461,StressTestCase ,200,OK,ThreadStressTestCase_20_60 1-16,text,true,,571,1201175,20,50,http://34.121.113.211:8080/api/tasks,9461,0,0
1683411139728,9468,StressTestCase ,200,OK,ThreadStressTestCase_20_60 1-17,text,true,,571,1201207,20,50,http://34.121.113.211:8080/api/tasks,9468,0,0
1683411140201,9460,StressTestCase ,200,OK,ThreadStressTestCase_20_60 1-18,text,true,,571,1201207,20,50,http://34.121.113.211:8080/api/tasks,9460,0,0
1683411140692,9439,StressTestCase ,200,OK,ThreadStressTestCase_20_60 1-19,text,true,,571,1201215,20,50,http://34.121.113.211:8080/api/tasks,9439,0,0
1683411141152,9440,StressTestCase ,200,OK,ThreadStressTestCase_20_60 1-20,text,true,,571,1201207,20,50,http://34.121.113.211:8080/api/tasks,9440,0,0
1683411141621,9435,StressTestCase ,200,OK,ThreadStressTestCase_20_60 1-2,text,true,,571,1201199,20,50,http://34.121.113.211:8080/api/tasks,9435,0,0
1683411142139,9382,StressTestCase ,200,OK,ThreadStressTestCase_20_60 1-3,text,true,,571,1201187,20,50,http://34.121.113.211:8080/api/tasks,9382,0,0
1683411142603,9440,StressTestCase ,200,OK,ThreadStressTestCase_20_60 1-4,text,true,,571,1201203,20,50,http://34.121.113.211:8080/api/tasks,9440,0,0
1683411143081,9427,StressTestCase ,200,OK,ThreadStressTestCase_20_60 1-5,text,true,,571,1201199,20,50,http://34.121.113.211:8080/api/tasks,9427,0,0
1683411143550,9423,StressTestCase ,200,OK,ThreadStressTestCase_20_60 1-6,text,true,,571,1201211,20,50,http://34.121.113.211:8080/api/tasks,9423,0,0
1683411144017,9434,StressTestCase ,200,OK,ThreadStressTestCase_20_60 1-7,text,true,,571,1201183,20,50,http://34.121.113.211:8080/api/tasks,9434,0,0
1683411144482,9426,StressTestCase ,200,OK,ThreadStressTestCase_20_60 1-8,text,true,,571,1201211,20,50,http://34.121.113.211:8080/api/tasks,9426,0,0
1683411144940,9420,StressTestCase ,200,OK,ThreadStressTestCase_20_60 1-9,text,true,,571,1201183,20,50,http://34.121.113.211:8080/api/tasks,9420,0,0
1683411145413,9412,StressTestCase ,200,OK,ThreadStressTestCase_20_60 1-10,text,true,,571,1201211,20,50,http://34.121.113.211:8080/api/tasks,9412,0,0
1683411145883,9399,StressTestCase ,200,OK,ThreadStressTestCase_20_60 1-11,text,true,,571,1201175,20,50,http://34.121.113.211:8080/api/tasks,9399,0,0
1683411146397,9348,StressTestCase ,200,OK,ThreadStressTestCase_20_60 1-1,text,true,,571,1201195,20,50,http://34.121.113.211:8080/api/tasks,9348,0,0
1683411146860,9339,StressTestCase ,200,OK,ThreadStressTestCase_20_60 1-12,text,true,,571,1201203,20,50,http://34.121.113.211:8080/api/tasks,9339,0,0
1683411147324,9342,StressTestCase ,200,OK,ThreadStressTestCase_20_60 1-13,text,true,,571,1201187,20,50,http://34.121.113.211:8080/api/tasks,9342,0,0
1683411147791,9359,StressTestCase ,200,OK,ThreadStressTestCase_20_60 1-14,text,true,,571,1201199,20,50,http://34.121.113.211:8080/api/tasks,9359,0,0
1683411148263,9359,StressTestCase ,200,OK,ThreadStressTestCase_20_60 1-15,text,true,,571,1201187,20,50,http://34.121.113.211:8080/api/tasks,9359,0,0
1683411148732,9354,StressTestCase ,200,OK,ThreadStressTestCase_20_60 1-16,text,true,,571,1201195,20,50,http://34.121.113.211:8080/api/tasks,9354,0,0
1683411149197,9335,StressTestCase ,200,OK,ThreadStressTestCase_20_60 1-17,text,true,,571,1201191,20,50,http://34.121.113.211:8080/api/tasks,9335,0,0
1683411149661,9329,StressTestCase ,200,OK,ThreadStressTestCase_20_60 1-18,text,true,,571,1201175,20,50,http://34.121.113.211:8080/api/tasks,9329,0,0
1683411150132,9320,StressTestCase ,200,OK,ThreadStressTestCase_20_60 1-19,text,true,,571,1201211,20,50,http://34.121.113.211:8080/api/tasks,9320,0,0
1683411150592,9321,StressTestCase ,200,OK,ThreadStressTestCase_20_60 1-20,text,true,,571,1201215,20,50,http://34.121.113.211:8080/api/tasks,9321,0,0
1683411151056,9323,StressTestCase ,200,OK,ThreadStressTestCase_20_60 1-2,text,true,,571,1201175,20,50,http://34.121.113.211:8080/api/tasks,9323,0,0
1683411151521,9327,StressTestCase ,200,OK,ThreadStressTestCase_20_60 1-3,text,true,,571,1201211,20,50,http://34.121.113.211:8080/api/tasks,9327,0,0
1683411152043,9266,StressTestCase ,200,OK,ThreadStressTestCase_20_60 1-4,text,true,,571,1201211,20,50,http://34.121.113.211:8080/api/tasks,9266,0,0
1683411152508,9295,StressTestCase ,200,OK,ThreadStressTestCase_20_60 1-5,text,true,,571,1201199,20,50,http://34.121.113.211:8080/api/tasks,9295,0,0
1683411152973,9309,StressTestCase ,200,OK,ThreadStressTestCase_20_60 1-6,text,true,,571,1201195,20,50,http://34.121.113.211:8080/api/tasks,9309,0,0
1683411153452,9304,StressTestCase ,200,OK,ThreadStressTestCase_20_60 1-7,text,true,,571,1201203,20,50,http://34.121.113.211:8080/api/tasks,9304,0,0
1683411153908,9384,StressTestCase ,200,OK,ThreadStressTestCase_20_60 1-8,text,true,,571,1201195,20,50,http://34.121.113.211:8080/api/tasks,9384,0,0
1683411142476,21057,StressTestCase ,Non HTTP response code: org.apache.http.conn.HttpHostConnectException,Non HTTP response message: Connect to 34.70.250.35:8080 [/34.70.250.35] failed: Connection timed out: connect,ThreadStressTestCase _15_300 2-1,text,false,,2715,0,15,50,http://34.70.250.35:8080/api/tasks,0,0,21057
1683411142491,21058,StressTestCase ,Non HTTP response code: org.apache.http.conn.HttpHostConnectException,Non HTTP response message: Connect to 34.70.250.35:8080 [/34.70.250.35] failed: Connection timed out: connect,ThreadStressTestCase _15_600 3-1,text,false,,2715,0,15,50,http://34.70.250.35:8080/api/tasks,0,0,21058
1683411142557,21008,StressTestCase ,Non HTTP response code: org.apache.http.conn.HttpHostConnectException,Non HTTP response message: Connect to 34.70.250.35:8080 [/34.70.250.35] failed: Connection timed out: connect,ThreadStressTestCase _15_600 3-2,text,false,,2715,0,15,50,http://34.70.250.35:8080/api/tasks,0,0,21008
1683411142557,21055,StressTestCase ,Non HTTP response code: org.apache.http.conn.HttpHostConnectException,Non HTTP response message: Connect to 34.70.250.35:8080 [/34.70.250.35] failed: Connection timed out: connect,ThreadStressTestCase _15_300 2-2,text,false,,2715,0,15,50,http://34.70.250.35:8080/api/tasks,0,0,21055
1683411142600,21047,StressTestCase ,Non HTTP response code: org.apache.http.conn.HttpHostConnectException,Non HTTP response message: Connect to 34.70.250.35:8080 [/34.70.250.35] failed: Connection timed out: connect,ThreadStressTestCase _15_300 2-3,text,false,,2715,0,15,50,http://34.70.250.35:8080/api/tasks,0,0,21047
1683411142647,21031,StressTestCase ,Non HTTP response code: org.apache.http.conn.HttpHostConnectException,Non HTTP response message: Connect to 34.70.250.35:8080 [/34.70.250.35] failed: Connection timed out: connect,ThreadStressTestCase _15_600 3-3,text,false,,2715,0,15,50,http://34.70.250.35:8080/api/tasks,0,0,21031
1683411142678,21061,StressTestCase ,Non HTTP response code: org.apache.http.conn.HttpHostConnectException,Non HTTP response message: Connect to 34.70.250.35:8080 [/34.70.250.35] failed: Connection timed out: connect,ThreadStressTestCase _15_600 3-4,text,false,,2715,0,15,50,http://34.70.250.35:8080/api/tasks,0,0,21061
1683411142709,21062,StressTestCase ,Non HTTP response code: org.apache.http.conn.HttpHostConnectException,Non HTTP response message: Connect to 34.70.250.35:8080 [/34.70.250.35] failed: Connection timed out: connect,ThreadStressTestCase _15_300 2-4,text,false,,2715,0,15,50,http://34.70.250.35:8080/api/tasks,0,0,21062
1683411154360,9418,StressTestCase ,200,OK,ThreadStressTestCase_20_60 1-9,text,true,,571,1201175,20,50,http://34.121.113.211:8080/api/tasks,9418,0,0
1683411142772,21046,StressTestCase ,Non HTTP response code: org.apache.http.conn.HttpHostConnectException,Non HTTP response message: Connect to 34.70.250.35:8080 [/34.70.250.35] failed: Connection timed out: connect,ThreadStressTestCase _15_300 2-5,text,false,,2715,0,15,50,http://34.70.250.35:8080/api/tasks,0,0,21046
1683411142757,21061,StressTestCase ,Non HTTP response code: org.apache.http.conn.HttpHostConnectException,Non HTTP response message: Connect to 34.70.250.35:8080 [/34.70.250.35] failed: Connection timed out: connect,ThreadStressTestCase _15_600 3-5,text,false,,2715,0,15,50,http://34.70.250.35:8080/api/tasks,0,0,21061
1683411142803,21047,StressTestCase ,Non HTTP response code: org.apache.http.conn.HttpHostConnectException,Non HTTP response message: Connect to 34.70.250.35:8080 [/34.70.250.35] failed: Connection timed out: connect,ThreadStressTestCase _15_300 2-6,text,false,,2715,0,15,50,http://34.70.250.35:8080/api/tasks,0,0,21047
1683411142834,21032,StressTestCase ,Non HTTP response code: org.apache.http.conn.HttpHostConnectException,Non HTTP response message: Connect to 34.70.250.35:8080 [/34.70.250.35] failed: Connection timed out: connect,ThreadStressTestCase _15_600 3-6,text,false,,2715,0,15,50,http://34.70.250.35:8080/api/tasks,0,0,21032
1683411142897,21031,StressTestCase ,Non HTTP response code: org.apache.http.conn.HttpHostConnectException,Non HTTP response message: Connect to 34.70.250.35:8080 [/34.70.250.35] failed: Connection timed out: connect,ThreadStressTestCase _15_300 2-7,text,false,,2715,0,15,50,http://34.70.250.35:8080/api/tasks,0,0,21031
1683411142897,21047,StressTestCase ,Non HTTP response code: org.apache.http.conn.HttpHostConnectException,Non HTTP response message: Connect to 34.70.250.35:8080 [/34.70.250.35] failed: Connection timed out: connect,ThreadStressTestCase _15_600 3-7,text,false,,2715,0,15,50,http://34.70.250.35:8080/api/tasks,0,0,21047
1683411142960,21017,StressTestCase ,Non HTTP response code: org.apache.http.conn.HttpHostConnectException,Non HTTP response message: Connect to 34.70.250.35:8080 [/34.70.250.35] failed: Connection timed out: connect,ThreadStressTestCase _15_300 2-8,text,false,,2715,0,15,50,http://34.70.250.35:8080/api/tasks,0,0,21017
1683411142975,21002,StressTestCase ,Non HTTP response code: org.apache.http.conn.HttpHostConnectException,Non HTTP response message: Connect to 34.70.250.35:8080 [/34.70.250.35] failed: Connection timed out: connect,ThreadStressTestCase _15_600 3-8,text,false,,2715,0,15,50,http://34.70.250.35:8080/api/tasks,0,0,21002
1683411143022,21050,StressTestCase ,Non HTTP response code: org.apache.http.conn.HttpHostConnectException,Non HTTP response message: Connect to 34.70.250.35:8080 [/34.70.250.35] failed: Connection timed out: connect,ThreadStressTestCase _15_300 2-9,text,false,,2715,0,15,50,http://34.70.250.35:8080/api/tasks,0,0,21050
1683411143022,21050,StressTestCase ,Non HTTP response code: org.apache.http.conn.HttpHostConnectException,Non HTTP response message: Connect to 34.70.250.35:8080 [/34.70.250.35] failed: Connection timed out: connect,ThreadStressTestCase _15_600 3-9,text,false,,2715,0,15,50,http://34.70.250.35:8080/api/tasks,0,0,21050
1683411143100,21035,StressTestCase ,Non HTTP response code: org.apache.http.conn.HttpHostConnectException,Non HTTP response message: Connect to 34.70.250.35:8080 [/34.70.250.35] failed: Connection timed out: connect,ThreadStressTestCase _15_600 3-10,text,false,,2715,0,15,50,http://34.70.250.35:8080/api/tasks,0,0,21035
1683411143100,21046,StressTestCase ,Non HTTP response code: org.apache.http.conn.HttpHostConnectException,Non HTTP response message: Connect to 34.70.250.35:8080 [/34.70.250.35] failed: Connection timed out: connect,ThreadStressTestCase _15_300 2-10,text,false,,2715,0,15,50,http://34.70.250.35:8080/api/tasks,0,0,21046
1683411143147,21036,StressTestCase ,Non HTTP response code: org.apache.http.conn.HttpHostConnectException,Non HTTP response message: Connect to 34.70.250.35:8080 [/34.70.250.35] failed: Connection timed out: connect,ThreadStressTestCase _15_300 2-11,text,false,,2715,0,15,50,http://34.70.250.35:8080/api/tasks,0,0,21036
1683411143147,21036,StressTestCase ,Non HTTP response code: org.apache.http.conn.HttpHostConnectException,Non HTTP response message: Connect to 34.70.250.35:8080 [/34.70.250.35] failed: Connection timed out: connect,ThreadStressTestCase _15_600 3-11,text,false,,2715,0,15,50,http://34.70.250.35:8080/api/tasks,0,0,21036
1683411154826,9428,StressTestCase ,200,OK,ThreadStressTestCase_20_60 1-10,text,true,,571,1201175,20,50,http://34.121.113.211:8080/api/tasks,9428,0,0
1683411143241,21030,StressTestCase ,Non HTTP response code: org.apache.http.conn.HttpHostConnectException,Non HTTP response message: Connect to 34.70.250.35:8080 [/34.70.250.35] failed: Connection timed out: connect,ThreadStressTestCase _15_300 2-12,text,false,,2715,0,15,50,http://34.70.250.35:8080/api/tasks,0,0,21030
1683411143225,21046,StressTestCase ,Non HTTP response code: org.apache.http.conn.HttpHostConnectException,Non HTTP response message: Connect to 34.70.250.35:8080 [/34.70.250.35] failed: Connection timed out: connect,ThreadStressTestCase _15_600 3-12,text,false,,2715,0,15,50,http://34.70.250.35:8080/api/tasks,0,0,21046
1683411143319,21038,StressTestCase ,Non HTTP response code: org.apache.http.conn.HttpHostConnectException,Non HTTP response message: Connect to 34.70.250.35:8080 [/34.70.250.35] failed: Connection timed out: connect,ThreadStressTestCase _15_300 2-13,text,false,,2715,0,15,50,http://34.70.250.35:8080/api/tasks,0,0,21038
1683411143303,21054,StressTestCase ,Non HTTP response code: org.apache.http.conn.HttpHostConnectException,Non HTTP response message: Connect to 34.70.250.35:8080 [/34.70.250.35] failed: Connection timed out: connect,ThreadStressTestCase _15_600 3-13,text,false,,2715,0,15,50,http://34.70.250.35:8080/api/tasks,0,0,21054
1683411143366,21030,StressTestCase ,Non HTTP response code: org.apache.http.conn.HttpHostConnectException,Non HTTP response message: Connect to 34.70.250.35:8080 [/34.70.250.35] failed: Connection timed out: connect,ThreadStressTestCase _15_600 3-14,text,false,,2715,0,15,50,http://34.70.250.35:8080/api/tasks,0,0,21030
1683411143350,21055,StressTestCase ,Non HTTP response code: org.apache.http.conn.HttpHostConnectException,Non HTTP response message: Connect to 34.70.250.35:8080 [/34.70.250.35] failed: Connection timed out: connect,ThreadStressTestCase _15_300 2-14,text,false,,2715,0,15,50,http://34.70.250.35:8080/api/tasks,0,0,21055
1683411143432,21005,StressTestCase ,Non HTTP response code: org.apache.http.conn.HttpHostConnectException,Non HTTP response message: Connect to 34.70.250.35:8080 [/34.70.250.35] failed: Connection timed out: connect,ThreadStressTestCase _15_600 3-15,text,false,,2715,0,15,50,http://34.70.250.35:8080/api/tasks,0,0,21005
1683411143429,21024,StressTestCase ,Non HTTP response code: org.apache.http.conn.HttpHostConnectException,Non HTTP response message: Connect to 34.70.250.35:8080 [/34.70.250.35] failed: Connection timed out: connect,ThreadStressTestCase _15_300 2-15,text,false,,2715,0,15,50,http://34.70.250.35:8080/api/tasks,0,0,21024
1683411155283,9471,StressTestCase ,200,OK,ThreadStressTestCase_20_60 1-11,text,true,,571,1201187,20,50,http://34.121.113.211:8080/api/tasks,9471,0,0
1683411155745,9474,StressTestCase ,200,OK,ThreadStressTestCase_20_60 1-1,text,true,,571,1201183,20,50,http://34.121.113.211:8080/api/tasks,9474,0,0
1683411156200,9498,StressTestCase ,200,OK,ThreadStressTestCase_20_60 1-12,text,true,,571,1201195,20,50,http://34.121.113.211:8080/api/tasks,9498,0,0
1683411156667,9498,StressTestCase ,200,OK,ThreadStressTestCase_20_60 1-13,text,true,,571,1201187,20,50,http://34.121.113.211:8080/api/tasks,9498,0,0
1683411157150,9473,StressTestCase ,200,OK,ThreadStressTestCase_20_60 1-14,text,true,,571,1201175,20,50,http://34.121.113.211:8080/api/tasks,9473,0,0
1683411157622,9451,StressTestCase ,200,OK,ThreadStressTestCase_20_60 1-15,text,true,,571,1201203,20,50,http://34.121.113.211:8080/api/tasks,9451,0,0
1683411158086,9451,StressTestCase ,200,OK,ThreadStressTestCase_20_60 1-16,text,true,,571,1201175,20,50,http://34.121.113.211:8080/api/tasks,9451,0,0
1683411158532,9468,StressTestCase ,200,OK,ThreadStressTestCase_20_60 1-17,text,true,,571,1201203,20,50,http://34.121.113.211:8080/api/tasks,9468,0,0
1683411158991,9467,StressTestCase ,200,OK,ThreadStressTestCase_20_60 1-18,text,true,,571,1201179,20,50,http://34.121.113.211:8080/api/tasks,9467,0,0
1683411159454,9480,StressTestCase ,200,OK,ThreadStressTestCase_20_60 1-19,text,true,,572,1201183,20,50,http://34.121.113.211:8080/api/tasks,9480,0,0
1683411159914,9484,StressTestCase ,200,OK,ThreadStressTestCase_20_60 1-20,text,true,,572,1201207,20,50,http://34.121.113.211:8080/api/tasks,9484,0,0
1683411160381,9483,StressTestCase ,200,OK,ThreadStressTestCase_20_60 1-2,text,true,,572,1201179,20,50,http://34.121.113.211:8080/api/tasks,9483,0,0
1683411160855,9518,StressTestCase ,200,OK,ThreadStressTestCase_20_60 1-3,text,true,,572,1201207,20,50,http://34.121.113.211:8080/api/tasks,9518,0,0
1683411161310,9575,StressTestCase ,200,OK,ThreadStressTestCase_20_60 1-4,text,true,,572,1201175,20,50,http://34.121.113.211:8080/api/tasks,9575,0,0
1683411161804,9561,StressTestCase ,200,OK,ThreadStressTestCase_20_60 1-5,text,true,,572,1201215,20,50,http://34.121.113.211:8080/api/tasks,9561,0,0
1683411162283,9545,StressTestCase ,200,OK,ThreadStressTestCase_20_60 1-6,text,true,,572,1201199,20,50,http://34.121.113.211:8080/api/tasks,9545,0,0
1683411162758,9522,StressTestCase ,200,OK,ThreadStressTestCase_20_60 1-7,text,true,,572,1201211,20,50,http://34.121.113.211:8080/api/tasks,9522,0,0
1683411163293,9465,StressTestCase ,200,OK,ThreadStressTestCase_20_60 1-8,text,true,,572,1201175,20,50,http://34.121.113.211:8080/api/tasks,9465,0,0
1683411163779,9447,StressTestCase ,200,OK,ThreadStressTestCase_20_60 1-9,text,true,,572,1201215,20,50,http://34.121.113.211:8080/api/tasks,9447,0,0
1683411164255,9411,StressTestCase ,200,OK,ThreadStressTestCase_20_60 1-10,text,true,,572,1201195,20,50,http://34.121.113.211:8080/api/tasks,9411,0,0
1683411164755,9371,StressTestCase ,200,OK,ThreadStressTestCase_20_60 1-11,text,true,,572,1201187,20,50,http://34.121.113.211:8080/api/tasks,9371,0,0
1683411165221,9377,StressTestCase ,200,OK,ThreadStressTestCase_20_60 1-1,text,true,,572,1201199,20,50,http://34.121.113.211:8080/api/tasks,9377,0,0
1683411165700,9364,StressTestCase ,200,OK,ThreadStressTestCase_20_60 1-12,text,true,,572,1201191,20,50,http://34.121.113.211:8080/api/tasks,9364,0,0
1683411166166,9363,StressTestCase ,200,OK,ThreadStressTestCase_20_60 1-13,text,true,,572,1201207,20,50,http://34.121.113.211:8080/api/tasks,9363,0,0
1683411166625,9364,StressTestCase ,200,OK,ThreadStressTestCase_20_60 1-14,text,true,,572,1201199,20,50,http://34.121.113.211:8080/api/tasks,9364,0,0
1683411167074,9370,StressTestCase ,200,OK,ThreadStressTestCase_20_60 1-15,text,true,,572,1201199,20,50,http://34.121.113.211:8080/api/tasks,9370,0,0
1683411167539,9396,StressTestCase ,200,OK,ThreadStressTestCase_20_60 1-16,text,true,,572,1201191,20,50,http://34.121.113.211:8080/api/tasks,9396,0,0
1683411168002,9390,StressTestCase ,200,OK,ThreadStressTestCase_20_60 1-17,text,true,,572,1201211,20,50,http://34.121.113.211:8080/api/tasks,9390,0,0
1683411168477,9374,StressTestCase ,200,OK,ThreadStressTestCase_20_60 1-18,text,true,,572,1201207,20,50,http://34.121.113.211:8080/api/tasks,9374,0,0
1683411168935,9376,StressTestCase ,200,OK,ThreadStressTestCase_20_60 1-19,text,true,,572,1201175,20,50,http://34.121.113.211:8080/api/tasks,9376,0,0
1683411169400,9372,StressTestCase ,200,OK,ThreadStressTestCase_20_60 1-20,text,true,,572,1201203,20,50,http://34.121.113.211:8080/api/tasks,9372,0,0
1683411169866,9374,StressTestCase ,200,OK,ThreadStressTestCase_20_60 1-2,text,true,,572,1201211,20,50,http://34.121.113.211:8080/api/tasks,9374,0,0
1683411170374,9338,StressTestCase ,200,OK,ThreadStressTestCase_20_60 1-3,text,true,,572,1201175,20,50,http://34.121.113.211:8080/api/tasks,9338,0,0
1683411170886,9329,StressTestCase ,200,OK,ThreadStressTestCase_20_60 1-4,text,true,,572,1201207,20,50,http://34.121.113.211:8080/api/tasks,9329,0,0
1683411171366,9308,StressTestCase ,200,OK,ThreadStressTestCase_20_60 1-5,text,true,,572,1201211,20,50,http://34.121.113.211:8080/api/tasks,9308,0,0
1683411171829,9299,StressTestCase ,200,OK,ThreadStressTestCase_20_60 1-6,text,true,,572,1201191,20,50,http://34.121.113.211:8080/api/tasks,9299,0,0
1683411172281,9314,StressTestCase ,200,OK,ThreadStressTestCase_20_60 1-7,text,true,,572,1201203,20,50,http://34.121.113.211:8080/api/tasks,9314,0,0
1683411172759,9301,StressTestCase ,200,OK,ThreadStressTestCase_20_60 1-8,text,true,,572,1201199,19,49,http://34.121.113.211:8080/api/tasks,9301,0,0
1683411173227,9296,StressTestCase ,200,OK,ThreadStressTestCase_20_60 1-9,text,true,,572,1201191,18,48,http://34.121.113.211:8080/api/tasks,9296,0,0
1683411173667,9329,StressTestCase ,200,OK,ThreadStressTestCase_20_60 1-10,text,true,,572,1201175,17,47,http://34.121.113.211:8080/api/tasks,9329,0,0
1683411174126,9315,StressTestCase ,200,OK,ThreadStressTestCase_20_60 1-11,text,true,,572,1201191,16,46,http://34.121.113.211:8080/api/tasks,9315,0,0
1683411174598,9344,StressTestCase ,200,OK,ThreadStressTestCase_20_60 1-1,text,true,,572,1201211,15,45,http://34.121.113.211:8080/api/tasks,9344,0,0
1683411175073,9351,StressTestCase ,200,OK,ThreadStressTestCase_20_60 1-12,text,true,,572,1201195,14,44,http://34.121.113.211:8080/api/tasks,9351,0,0
1683411163535,21045,StressTestCase ,Non HTTP response code: org.apache.http.conn.HttpHostConnectException,Non HTTP response message: Connect to 34.70.250.35:8080 [/34.70.250.35] failed: Connection timed out: connect,ThreadStressTestCase _15_300 2-1,text,false,,2715,0,15,43,http://34.70.250.35:8080/api/tasks,0,0,21045
1683411163550,21046,StressTestCase ,Non HTTP response code: org.apache.http.conn.HttpHostConnectException,Non HTTP response message: Connect to 34.70.250.35:8080 [/34.70.250.35] failed: Connection timed out: connect,ThreadStressTestCase _15_600 3-1,text,false,,2715,0,15,43,http://34.70.250.35:8080/api/tasks,0,0,21046
1683411163567,21029,StressTestCase ,Non HTTP response code: org.apache.http.conn.HttpHostConnectException,Non HTTP response message: Connect to 34.70.250.35:8080 [/34.70.250.35] failed: Connection timed out: connect,ThreadStressTestCase _15_600 3-2,text,false,,2715,0,15,43,http://34.70.250.35:8080/api/tasks,0,0,21029
1683411163614,21033,StressTestCase ,Non HTTP response code: org.apache.http.conn.HttpHostConnectException,Non HTTP response message: Connect to 34.70.250.35:8080 [/34.70.250.35] failed: Connection timed out: connect,ThreadStressTestCase _15_300 2-2,text,false,,2715,0,15,43,http://34.70.250.35:8080/api/tasks,0,0,21033
1683411163648,21043,StressTestCase ,Non HTTP response code: org.apache.http.conn.HttpHostConnectException,Non HTTP response message: Connect to 34.70.250.35:8080 [/34.70.250.35] failed: Connection timed out: connect,ThreadStressTestCase _15_300 2-3,text,false,,2715,0,15,43,http://34.70.250.35:8080/api/tasks,0,0,21043
1683411163680,21030,StressTestCase ,Non HTTP response code: org.apache.http.conn.HttpHostConnectException,Non HTTP response message: Connect to 34.70.250.35:8080 [/34.70.250.35] failed: Connection timed out: connect,ThreadStressTestCase _15_600 3-3,text,false,,2715,0,15,43,http://34.70.250.35:8080/api/tasks,0,0,21030
1683411163741,21032,StressTestCase ,Non HTTP response code: org.apache.http.conn.HttpHostConnectException,Non HTTP response message: Connect to 34.70.250.35:8080 [/34.70.250.35] failed: Connection timed out: connect,ThreadStressTestCase _15_600 3-4,text,false,,2715,0,15,43,http://34.70.250.35:8080/api/tasks,0,0,21032
1683411163772,21046,StressTestCase ,Non HTTP response code: org.apache.http.conn.HttpHostConnectException,Non HTTP response message: Connect to 34.70.250.35:8080 [/34.70.250.35] failed: Connection timed out: connect,ThreadStressTestCase _15_300 2-4,text,false,,2715,0,15,43,http://34.70.250.35:8080/api/tasks,0,0,21046
1683411163820,21030,StressTestCase ,Non HTTP response code: org.apache.http.conn.HttpHostConnectException,Non HTTP response message: Connect to 34.70.250.35:8080 [/34.70.250.35] failed: Connection timed out: connect,ThreadStressTestCase _15_600 3-5,text,false,,2715,0,15,43,http://34.70.250.35:8080/api/tasks,0,0,21030
1683411163820,21047,StressTestCase ,Non HTTP response code: org.apache.http.conn.HttpHostConnectException,Non HTTP response message: Connect to 34.70.250.35:8080 [/34.70.250.35] failed: Connection timed out: connect,ThreadStressTestCase _15_300 2-5,text,false,,2715,0,15,43,http://34.70.250.35:8080/api/tasks,0,0,21047
1683411175529,9352,StressTestCase ,200,OK,ThreadStressTestCase_20_60 1-13,text,true,,572,1201211,13,43,http://34.121.113.211:8080/api/tasks,9352,0,0
1683411163851,21046,StressTestCase ,Non HTTP response code: org.apache.http.conn.HttpHostConnectException,Non HTTP response message: Connect to 34.70.250.35:8080 [/34.70.250.35] failed: Connection timed out: connect,ThreadStressTestCase _15_300 2-6,text,false,,2715,0,15,42,http://34.70.250.35:8080/api/tasks,0,0,21046
1683411163867,21046,StressTestCase ,Non HTTP response code: org.apache.http.conn.HttpHostConnectException,Non HTTP response message: Connect to 34.70.250.35:8080 [/34.70.250.35] failed: Connection timed out: connect,ThreadStressTestCase _15_600 3-6,text,false,,2715,0,15,42,http://34.70.250.35:8080/api/tasks,0,0,21046
1683411163929,21031,StressTestCase ,Non HTTP response code: org.apache.http.conn.HttpHostConnectException,Non HTTP response message: Connect to 34.70.250.35:8080 [/34.70.250.35] failed: Connection timed out: connect,ThreadStressTestCase _15_300 2-7,text,false,,2715,0,15,42,http://34.70.250.35:8080/api/tasks,0,0,21031
1683411163946,21045,StressTestCase ,Non HTTP response code: org.apache.http.conn.HttpHostConnectException,Non HTTP response message: Connect to 34.70.250.35:8080 [/34.70.250.35] failed: Connection timed out: connect,ThreadStressTestCase _15_600 3-7,text,false,,2715,0,15,42,http://34.70.250.35:8080/api/tasks,0,0,21045
1683411163978,21044,StressTestCase ,Non HTTP response code: org.apache.http.conn.HttpHostConnectException,Non HTTP response message: Connect to 34.70.250.35:8080 [/34.70.250.35] failed: Connection timed out: connect,ThreadStressTestCase _15_600 3-8,text,false,,2715,0,15,42,http://34.70.250.35:8080/api/tasks,0,0,21044
1683411163978,21044,StressTestCase ,Non HTTP response code: org.apache.http.conn.HttpHostConnectException,Non HTTP response message: Connect to 34.70.250.35:8080 [/34.70.250.35] failed: Connection timed out: connect,ThreadStressTestCase _15_300 2-8,text,false,,2715,0,15,42,http://34.70.250.35:8080/api/tasks,0,0,21044
1683411164073,21043,StressTestCase ,Non HTTP response code: org.apache.http.conn.HttpHostConnectException,Non HTTP response message: Connect to 34.70.250.35:8080 [/34.70.250.35] failed: Connection timed out: connect,ThreadStressTestCase _15_300 2-9,text,false,,2715,0,15,42,http://34.70.250.35:8080/api/tasks,0,0,21043
1683411164073,21059,StressTestCase ,Non HTTP response code: org.apache.http.conn.HttpHostConnectException,Non HTTP response message: Connect to 34.70.250.35:8080 [/34.70.250.35] failed: Connection timed out: connect,ThreadStressTestCase _15_600 3-9,text,false,,2715,0,15,42,http://34.70.250.35:8080/api/tasks,0,0,21059
1683411164148,21031,StressTestCase ,Non HTTP response code: org.apache.http.conn.HttpHostConnectException,Non HTTP response message: Connect to 34.70.250.35:8080 [/34.70.250.35] failed: Connection timed out: connect,ThreadStressTestCase _15_300 2-10,text,false,,2715,0,15,42,http://34.70.250.35:8080/api/tasks,0,0,21031
1683411164137,21042,StressTestCase ,Non HTTP response code: org.apache.http.conn.HttpHostConnectException,Non HTTP response message: Connect to 34.70.250.35:8080 [/34.70.250.35] failed: Connection timed out: connect,ThreadStressTestCase _15_600 3-10,text,false,,2715,0,15,42,http://34.70.250.35:8080/api/tasks,0,0,21042
1683411164184,21042,StressTestCase ,Non HTTP response code: org.apache.http.conn.HttpHostConnectException,Non HTTP response message: Connect to 34.70.250.35:8080 [/34.70.250.35] failed: Connection timed out: connect,ThreadStressTestCase _15_600 3-11,text,false,,2715,0,15,42,http://34.70.250.35:8080/api/tasks,0,0,21041
1683411164184,21042,StressTestCase ,Non HTTP response code: org.apache.http.conn.HttpHostConnectException,Non HTTP response message: Connect to 34.70.250.35:8080 [/34.70.250.35] failed: Connection timed out: connect,ThreadStressTestCase _15_300 2-11,text,false,,2715,0,15,42,http://34.70.250.35:8080/api/tasks,0,0,21041
1683411164273,21031,StressTestCase ,Non HTTP response code: org.apache.http.conn.HttpHostConnectException,Non HTTP response message: Connect to 34.70.250.35:8080 [/34.70.250.35] failed: Connection timed out: connect,ThreadStressTestCase _15_600 3-12,text,false,,2715,0,15,42,http://34.70.250.35:8080/api/tasks,0,0,21031
1683411164273,21046,StressTestCase ,Non HTTP response code: org.apache.http.conn.HttpHostConnectException,Non HTTP response message: Connect to 34.70.250.35:8080 [/34.70.250.35] failed: Connection timed out: connect,ThreadStressTestCase _15_300 2-12,text,false,,2715,0,15,42,http://34.70.250.35:8080/api/tasks,0,0,21046
1683411175990,9349,StressTestCase ,200,OK,ThreadStressTestCase_20_60 1-14,text,true,,572,1201183,12,42,http://34.121.113.211:8080/api/tasks,9349,0,0
1683411164359,21023,StressTestCase ,Non HTTP response code: org.apache.http.conn.HttpHostConnectException,Non HTTP response message: Connect to 34.70.250.35:8080 [/34.70.250.35] failed: Connection timed out: connect,ThreadStressTestCase _15_600 3-13,text,false,,2715,0,15,41,http://34.70.250.35:8080/api/tasks,0,0,21023
1683411164359,21070,StressTestCase ,Non HTTP response code: org.apache.http.conn.HttpHostConnectException,Non HTTP response message: Connect to 34.70.250.35:8080 [/34.70.250.35] failed: Connection timed out: connect,ThreadStressTestCase _15_300 2-13,text,false,,2715,0,15,41,http://34.70.250.35:8080/api/tasks,0,0,21070
1683411164398,21062,StressTestCase ,Non HTTP response code: org.apache.http.conn.HttpHostConnectException,Non HTTP response message: Connect to 34.70.250.35:8080 [/34.70.250.35] failed: Connection timed out: connect,ThreadStressTestCase _15_600 3-14,text,false,,2715,0,15,41,http://34.70.250.35:8080/api/tasks,0,0,21062
1683411164438,21038,StressTestCase ,Non HTTP response code: org.apache.http.conn.HttpHostConnectException,Non HTTP response message: Connect to 34.70.250.35:8080 [/34.70.250.35] failed: Connection timed out: connect,ThreadStressTestCase _15_600 3-15,text,false,,2715,0,15,41,http://34.70.250.35:8080/api/tasks,0,0,21038
1683411164412,21064,StressTestCase ,Non HTTP response code: org.apache.http.conn.HttpHostConnectException,Non HTTP response message: Connect to 34.70.250.35:8080 [/34.70.250.35] failed: Connection timed out: connect,ThreadStressTestCase _15_300 2-14,text,false,,2715,0,15,41,http://34.70.250.35:8080/api/tasks,0,0,21064
1683411164455,21036,StressTestCase ,Non HTTP response code: org.apache.http.conn.HttpHostConnectException,Non HTTP response message: Connect to 34.70.250.35:8080 [/34.70.250.35] failed: Connection timed out: connect,ThreadStressTestCase _15_300 2-15,text,false,,2715,0,15,41,http://34.70.250.35:8080/api/tasks,0,0,21036
1683411176444,9376,StressTestCase ,200,OK,ThreadStressTestCase_20_60 1-15,text,true,,572,1201199,11,41,http://34.121.113.211:8080/api/tasks,9376,0,0
1683411176935,9342,StressTestCase ,200,OK,ThreadStressTestCase_20_60 1-16,text,true,,572,1201179,10,40,http://34.121.113.211:8080/api/tasks,9342,0,0
1683411177392,9332,StressTestCase ,200,OK,ThreadStressTestCase_20_60 1-17,text,true,,572,1201207,9,39,http://34.121.113.211:8080/api/tasks,9332,0,0
1683411177851,9347,StressTestCase ,200,OK,ThreadStressTestCase_20_60 1-18,text,true,,572,1201207,8,38,http://34.121.113.211:8080/api/tasks,9347,0,0
1683411178310,9352,StressTestCase ,200,OK,ThreadStressTestCase_20_60 1-19,text,true,,572,1201195,7,37,http://34.121.113.211:8080/api/tasks,9352,0,0
1683411178772,9352,StressTestCase ,200,OK,ThreadStressTestCase_20_60 1-20,text,true,,572,1201211,6,36,http://34.121.113.211:8080/api/tasks,9352,0,0
1683411179239,9337,StressTestCase ,200,OK,ThreadStressTestCase_20_60 1-2,text,true,,572,1201203,5,35,http://34.121.113.211:8080/api/tasks,9337,0,0
1683411179711,9330,StressTestCase ,200,OK,ThreadStressTestCase_20_60 1-3,text,true,,572,1201211,4,34,http://34.121.113.211:8080/api/tasks,9330,0,0
1683411180215,9301,StressTestCase ,200,OK,ThreadStressTestCase_20_60 1-4,text,true,,572,1201203,3,33,http://34.121.113.211:8080/api/tasks,9301,0,0
1683411180692,9286,StressTestCase ,200,OK,ThreadStressTestCase_20_60 1-5,text,true,,572,1201211,2,32,http://34.121.113.211:8080/api/tasks,9286,0,0
1683411181128,9314,StressTestCase ,200,OK,ThreadStressTestCase_20_60 1-6,text,true,,572,1201195,1,31,http://34.121.113.211:8080/api/tasks,9314,0,0
1683411184581,21037,StressTestCase ,Non HTTP response code: org.apache.http.conn.HttpHostConnectException,Non HTTP response message: Connect to 34.70.250.35:8080 [/34.70.250.35] failed: Connection timed out: connect,ThreadStressTestCase _15_300 2-1,text,false,,2715,0,15,30,http://34.70.250.35:8080/api/tasks,0,0,21037
1683411184597,21021,StressTestCase ,Non HTTP response code: org.apache.http.conn.HttpHostConnectException,Non HTTP response message: Connect to 34.70.250.35:8080 [/34.70.250.35] failed: Connection timed out: connect,ThreadStressTestCase _15_600 3-2,text,false,,2715,0,15,30,http://34.70.250.35:8080/api/tasks,0,0,21021
1683411184597,21050,StressTestCase ,Non HTTP response code: org.apache.http.conn.HttpHostConnectException,Non HTTP response message: Connect to 34.70.250.35:8080 [/34.70.250.35] failed: Connection timed out: connect,ThreadStressTestCase _15_600 3-1,text,false,,2715,0,15,30,http://34.70.250.35:8080/api/tasks,0,0,21050
1683411184649,21062,StressTestCase ,Non HTTP response code: org.apache.http.conn.HttpHostConnectException,Non HTTP response message: Connect to 34.70.250.35:8080 [/34.70.250.35] failed: Connection timed out: connect,ThreadStressTestCase _15_300 2-2,text,false,,2715,0,15,30,http://34.70.250.35:8080/api/tasks,0,0,21061
1683411184692,21035,StressTestCase ,Non HTTP response code: org.apache.http.conn.HttpHostConnectException,Non HTTP response message: Connect to 34.70.250.35:8080 [/34.70.250.35] failed: Connection timed out: connect,ThreadStressTestCase _15_300 2-3,text,false,,2715,0,15,30,http://34.70.250.35:8080/api/tasks,0,0,21034
1683411184712,21046,StressTestCase ,Non HTTP response code: org.apache.http.conn.HttpHostConnectException,Non HTTP response message: Connect to 34.70.250.35:8080 [/34.70.250.35] failed: Connection timed out: connect,ThreadStressTestCase _15_600 3-3,text,false,,2715,0,15,30,http://34.70.250.35:8080/api/tasks,0,0,21046
1683411184774,21047,StressTestCase ,Non HTTP response code: org.apache.http.conn.HttpHostConnectException,Non HTTP response message: Connect to 34.70.250.35:8080 [/34.70.250.35] failed: Connection timed out: connect,ThreadStressTestCase _15_600 3-4,text,false,,2715,0,15,30,http://34.70.250.35:8080/api/tasks,0,0,21047
1683411184819,21048,StressTestCase ,Non HTTP response code: org.apache.http.conn.HttpHostConnectException,Non HTTP response message: Connect to 34.70.250.35:8080 [/34.70.250.35] failed: Connection timed out: connect,ThreadStressTestCase _15_300 2-4,text,false,,2715,0,15,30,http://34.70.250.35:8080/api/tasks,0,0,21048
1683411184851,21047,StressTestCase ,Non HTTP response code: org.apache.http.conn.HttpHostConnectException,Non HTTP response message: Connect to 34.70.250.35:8080 [/34.70.250.35] failed: Connection timed out: connect,ThreadStressTestCase _15_600 3-5,text,false,,2715,0,15,30,http://34.70.250.35:8080/api/tasks,0,0,21047
1683411184868,21030,StressTestCase ,Non HTTP response code: org.apache.http.conn.HttpHostConnectException,Non HTTP response message: Connect to 34.70.250.35:8080 [/34.70.250.35] failed: Connection timed out: connect,ThreadStressTestCase _15_300 2-5,text,false,,2715,0,15,30,http://34.70.250.35:8080/api/tasks,0,0,21030
1683411184898,21047,StressTestCase ,Non HTTP response code: org.apache.http.conn.HttpHostConnectException,Non HTTP response message: Connect to 34.70.250.35:8080 [/34.70.250.35] failed: Connection timed out: connect,ThreadStressTestCase _15_300 2-6,text,false,,2715,0,15,30,http://34.70.250.35:8080/api/tasks,0,0,21047
1683411184914,21047,StressTestCase ,Non HTTP response code: org.apache.http.conn.HttpHostConnectException,Non HTTP response message: Connect to 34.70.250.35:8080 [/34.70.250.35] failed: Connection timed out: connect,ThreadStressTestCase _15_600 3-6,text,false,,2715,0,15,30,http://34.70.250.35:8080/api/tasks,0,0,21047
1683411184993,21015,StressTestCase ,Non HTTP response code: org.apache.http.conn.HttpHostConnectException,Non HTTP response message: Connect to 34.70.250.35:8080 [/34.70.250.35] failed: Connection timed out: connect,ThreadStressTestCase _15_600 3-7,text,false,,2715,0,15,30,http://34.70.250.35:8080/api/tasks,0,0,21015
1683411184961,21047,StressTestCase ,Non HTTP response code: org.apache.http.conn.HttpHostConnectException,Non HTTP response message: Connect to 34.70.250.35:8080 [/34.70.250.35] failed: Connection timed out: connect,ThreadStressTestCase _15_300 2-7,text,false,,2715,0,15,30,http://34.70.250.35:8080/api/tasks,0,0,21047
1683411185024,21015,StressTestCase ,Non HTTP response code: org.apache.http.conn.HttpHostConnectException,Non HTTP response message: Connect to 34.70.250.35:8080 [/34.70.250.35] failed: Connection timed out: connect,ThreadStressTestCase _15_300 2-8,text,false,,2715,0,15,30,http://34.70.250.35:8080/api/tasks,0,0,21015
1683411185024,21046,StressTestCase ,Non HTTP response code: org.apache.http.conn.HttpHostConnectException,Non HTTP response message: Connect to 34.70.250.35:8080 [/34.70.250.35] failed: Connection timed out: connect,ThreadStressTestCase _15_600 3-8,text,false,,2715,0,15,30,http://34.70.250.35:8080/api/tasks,0,0,21046
1683411185118,21031,StressTestCase ,Non HTTP response code: org.apache.http.conn.HttpHostConnectException,Non HTTP response message: Connect to 34.70.250.35:8080 [/34.70.250.35] failed: Connection timed out: connect,ThreadStressTestCase _15_300 2-9,text,false,,2715,0,15,30,http://34.70.250.35:8080/api/tasks,0,0,21031
1683411185133,21031,StressTestCase ,Non HTTP response code: org.apache.http.conn.HttpHostConnectException,Non HTTP response message: Connect to 34.70.250.35:8080 [/34.70.250.35] failed: Connection timed out: connect,ThreadStressTestCase _15_600 3-9,text,false,,2715,0,15,30,http://34.70.250.35:8080/api/tasks,0,0,21031
1683411185180,21047,StressTestCase ,Non HTTP response code: org.apache.http.conn.HttpHostConnectException,Non HTTP response message: Connect to 34.70.250.35:8080 [/34.70.250.35] failed: Connection timed out: connect,ThreadStressTestCase _15_300 2-10,text,false,,2715,0,15,30,http://34.70.250.35:8080/api/tasks,0,0,21047
1683411185180,21062,StressTestCase ,Non HTTP response code: org.apache.http.conn.HttpHostConnectException,Non HTTP response message: Connect to 34.70.250.35:8080 [/34.70.250.35] failed: Connection timed out: connect,ThreadStressTestCase _15_600 3-10,text,false,,2715,0,15,30,http://34.70.250.35:8080/api/tasks,0,0,21062
1683411185227,21031,StressTestCase ,Non HTTP response code: org.apache.http.conn.HttpHostConnectException,Non HTTP response message: Connect to 34.70.250.35:8080 [/34.70.250.35] failed: Connection timed out: connect,ThreadStressTestCase _15_600 3-11,text,false,,2715,0,15,30,http://34.70.250.35:8080/api/tasks,0,0,21031
1683411185227,21031,StressTestCase ,Non HTTP response code: org.apache.http.conn.HttpHostConnectException,Non HTTP response message: Connect to 34.70.250.35:8080 [/34.70.250.35] failed: Connection timed out: connect,ThreadStressTestCase _15_300 2-11,text,false,,2715,0,15,30,http://34.70.250.35:8080/api/tasks,0,0,21031
1683411185306,21047,StressTestCase ,Non HTTP response code: org.apache.http.conn.HttpHostConnectException,Non HTTP response message: Connect to 34.70.250.35:8080 [/34.70.250.35] failed: Connection timed out: connect,ThreadStressTestCase _15_600 3-12,text,false,,2715,0,15,30,http://34.70.250.35:8080/api/tasks,0,0,21047
1683411185321,21048,StressTestCase ,Non HTTP response code: org.apache.http.conn.HttpHostConnectException,Non HTTP response message: Connect to 34.70.250.35:8080 [/34.70.250.35] failed: Connection timed out: connect,ThreadStressTestCase _15_300 2-12,text,false,,2715,0,15,30,http://34.70.250.35:8080/api/tasks,0,0,21048
1683411185383,21033,StressTestCase ,Non HTTP response code: org.apache.http.conn.HttpHostConnectException,Non HTTP response message: Connect to 34.70.250.35:8080 [/34.70.250.35] failed: Connection timed out: connect,ThreadStressTestCase _15_600 3-13,text,false,,2715,0,15,30,http://34.70.250.35:8080/api/tasks,0,0,21033
1683411185430,21049,StressTestCase ,Non HTTP response code: org.apache.http.conn.HttpHostConnectException,Non HTTP response message: Connect to 34.70.250.35:8080 [/34.70.250.35] failed: Connection timed out: connect,ThreadStressTestCase _15_300 2-13,text,false,,2715,0,15,30,http://34.70.250.35:8080/api/tasks,0,0,21049
1683411185477,21015,StressTestCase ,Non HTTP response code: org.apache.http.conn.HttpHostConnectException,Non HTTP response message: Connect to 34.70.250.35:8080 [/34.70.250.35] failed: Connection timed out: connect,ThreadStressTestCase _15_600 3-15,text,false,,2715,0,15,30,http://34.70.250.35:8080/api/tasks,0,0,21015
1683411185461,21034,StressTestCase ,Non HTTP response code: org.apache.http.conn.HttpHostConnectException,Non HTTP response message: Connect to 34.70.250.35:8080 [/34.70.250.35] failed: Connection timed out: connect,ThreadStressTestCase _15_600 3-14,text,false,,2715,0,15,30,http://34.70.250.35:8080/api/tasks,0,0,21034
1683411185477,21034,StressTestCase ,Non HTTP response code: org.apache.http.conn.HttpHostConnectException,Non HTTP response message: Connect to 34.70.250.35:8080 [/34.70.250.35] failed: Connection timed out: connect,ThreadStressTestCase _15_300 2-14,text,false,,2715,0,15,30,http://34.70.250.35:8080/api/tasks,0,0,21034
1683411185493,21034,StressTestCase ,Non HTTP response code: org.apache.http.conn.HttpHostConnectException,Non HTTP response message: Connect to 34.70.250.35:8080 [/34.70.250.35] failed: Connection timed out: connect,ThreadStressTestCase _15_300 2-15,text,false,,2715,0,15,30,http://34.70.250.35:8080/api/tasks,0,0,21034
1683411205619,21030,StressTestCase ,Non HTTP response code: org.apache.http.conn.HttpHostConnectException,Non HTTP response message: Connect to 34.70.250.35:8080 [/34.70.250.35] failed: Connection timed out: connect,ThreadStressTestCase _15_600 3-2,text,false,,2715,0,15,30,http://34.70.250.35:8080/api/tasks,0,0,21030
1683411205619,21030,StressTestCase ,Non HTTP response code: org.apache.http.conn.HttpHostConnectException,Non HTTP response message: Connect to 34.70.250.35:8080 [/34.70.250.35] failed: Connection timed out: connect,ThreadStressTestCase _15_300 2-1,text,false,,2715,0,15,30,http://34.70.250.35:8080/api/tasks,0,0,21030
1683411205649,21024,StressTestCase ,Non HTTP response code: org.apache.http.conn.HttpHostConnectException,Non HTTP response message: Connect to 34.70.250.35:8080 [/34.70.250.35] failed: Connection timed out: connect,ThreadStressTestCase _15_600 3-1,text,false,,2715,0,15,30,http://34.70.250.35:8080/api/tasks,0,0,21024
1683411205712,21024,StressTestCase ,Non HTTP response code: org.apache.http.conn.HttpHostConnectException,Non HTTP response message: Connect to 34.70.250.35:8080 [/34.70.250.35] failed: Connection timed out: connect,ThreadStressTestCase _15_300 2-2,text,false,,2715,0,15,30,http://34.70.250.35:8080/api/tasks,0,0,21024
1683411205728,21040,StressTestCase ,Non HTTP response code: org.apache.http.conn.HttpHostConnectException,Non HTTP response message: Connect to 34.70.250.35:8080 [/34.70.250.35] failed: Connection timed out: connect,ThreadStressTestCase _15_300 2-3,text,false,,2715,0,15,30,http://34.70.250.35:8080/api/tasks,0,0,21040
1683411205759,21041,StressTestCase ,Non HTTP response code: org.apache.http.conn.HttpHostConnectException,Non HTTP response message: Connect to 34.70.250.35:8080 [/34.70.250.35] failed: Connection timed out: connect,ThreadStressTestCase _15_600 3-3,text,false,,2715,0,15,30,http://34.70.250.35:8080/api/tasks,0,0,21041
1683411205822,21041,StressTestCase ,Non HTTP response code: org.apache.http.conn.HttpHostConnectException,Non HTTP response message: Connect to 34.70.250.35:8080 [/34.70.250.35] failed: Connection timed out: connect,ThreadStressTestCase _15_600 3-4,text,false,,2715,0,15,30,http://34.70.250.35:8080/api/tasks,0,0,21041
1683411205869,21031,StressTestCase ,Non HTTP response code: org.apache.http.conn.HttpHostConnectException,Non HTTP response message: Connect to 34.70.250.35:8080 [/34.70.250.35] failed: Connection timed out: connect,ThreadStressTestCase _15_300 2-4,text,false,,2715,0,15,30,http://34.70.250.35:8080/api/tasks,0,0,21031
1683411205900,21031,StressTestCase ,Non HTTP response code: org.apache.http.conn.HttpHostConnectException,Non HTTP response message: Connect to 34.70.250.35:8080 [/34.70.250.35] failed: Connection timed out: connect,ThreadStressTestCase _15_300 2-5,text,false,,2715,0,15,30,http://34.70.250.35:8080/api/tasks,0,0,21031
1683411205900,21043,StressTestCase ,Non HTTP response code: org.apache.http.conn.HttpHostConnectException,Non HTTP response message: Connect to 34.70.250.35:8080 [/34.70.250.35] failed: Connection timed out: connect,ThreadStressTestCase _15_600 3-5,text,false,,2715,0,15,30,http://34.70.250.35:8080/api/tasks,0,0,21043
1683411205947,21043,StressTestCase ,Non HTTP response code: org.apache.http.conn.HttpHostConnectException,Non HTTP response message: Connect to 34.70.250.35:8080 [/34.70.250.35] failed: Connection timed out: connect,ThreadStressTestCase _15_300 2-6,text,false,,2715,0,15,30,http://34.70.250.35:8080/api/tasks,0,0,21043
1683411205962,21032,StressTestCase ,Non HTTP response code: org.apache.http.conn.HttpHostConnectException,Non HTTP response message: Connect to 34.70.250.35:8080 [/34.70.250.35] failed: Connection timed out: connect,ThreadStressTestCase _15_600 3-6,text,false,,2715,0,15,30,http://34.70.250.35:8080/api/tasks,0,0,21032
1683411206009,21045,StressTestCase ,Non HTTP response code: org.apache.http.conn.HttpHostConnectException,Non HTTP response message: Connect to 34.70.250.35:8080 [/34.70.250.35] failed: Connection timed out: connect,ThreadStressTestCase _15_300 2-7,text,false,,2715,0,15,30,http://34.70.250.35:8080/api/tasks,0,0,21045
1683411206009,21045,StressTestCase ,Non HTTP response code: org.apache.http.conn.HttpHostConnectException,Non HTTP response message: Connect to 34.70.250.35:8080 [/34.70.250.35] failed: Connection timed out: connect,ThreadStressTestCase _15_600 3-7,text,false,,2715,0,15,30,http://34.70.250.35:8080/api/tasks,0,0,21045
1683411206041,21015,StressTestCase ,Non HTTP response code: org.apache.http.conn.HttpHostConnectException,Non HTTP response message: Connect to 34.70.250.35:8080 [/34.70.250.35] failed: Connection timed out: connect,ThreadStressTestCase _15_300 2-8,text,false,,2715,0,15,30,http://34.70.250.35:8080/api/tasks,0,0,21015
1683411206072,21045,StressTestCase ,Non HTTP response code: org.apache.http.conn.HttpHostConnectException,Non HTTP response message: Connect to 34.70.250.35:8080 [/34.70.250.35] failed: Connection timed out: connect,ThreadStressTestCase _15_600 3-8,text,false,,2715,0,15,30,http://34.70.250.35:8080/api/tasks,0,0,21045
1683411206150,21031,StressTestCase ,Non HTTP response code: org.apache.http.conn.HttpHostConnectException,Non HTTP response message: Connect to 34.70.250.35:8080 [/34.70.250.35] failed: Connection timed out: connect,ThreadStressTestCase _15_300 2-9,text,false,,2715,0,15,30,http://34.70.250.35:8080/api/tasks,0,0,21031
1683411206166,21030,StressTestCase ,Non HTTP response code: org.apache.http.conn.HttpHostConnectException,Non HTTP response message: Connect to 34.70.250.35:8080 [/34.70.250.35] failed: Connection timed out: connect,ThreadStressTestCase _15_600 3-9,text,false,,2715,0,15,30,http://34.70.250.35:8080/api/tasks,0,0,21030
1683411206228,21046,StressTestCase ,Non HTTP response code: org.apache.http.conn.HttpHostConnectException,Non HTTP response message: Connect to 34.70.250.35:8080 [/34.70.250.35] failed: Connection timed out: connect,ThreadStressTestCase _15_300 2-10,text,false,,2715,0,15,30,http://34.70.250.35:8080/api/tasks,0,0,21046
1683411206259,21015,StressTestCase ,Non HTTP response code: org.apache.http.conn.HttpHostConnectException,Non HTTP response message: Connect to 34.70.250.35:8080 [/34.70.250.35] failed: Connection timed out: connect,ThreadStressTestCase _15_600 3-11,text,false,,2715,0,15,30,http://34.70.250.35:8080/api/tasks,0,0,21015
1683411206244,21046,StressTestCase ,Non HTTP response code: org.apache.http.conn.HttpHostConnectException,Non HTTP response message: Connect to 34.70.250.35:8080 [/34.70.250.35] failed: Connection timed out: connect,ThreadStressTestCase _15_600 3-10,text,false,,2715,0,15,30,http://34.70.250.35:8080/api/tasks,0,0,21046
1683411206259,21047,StressTestCase ,Non HTTP response code: org.apache.http.conn.HttpHostConnectException,Non HTTP response message: Connect to 34.70.250.35:8080 [/34.70.250.35] failed: Connection timed out: connect,ThreadStressTestCase _15_300 2-11,text,false,,2715,0,15,30,http://34.70.250.35:8080/api/tasks,0,0,21047
1683411206354,21045,StressTestCase ,Non HTTP response code: org.apache.http.conn.HttpHostConnectException,Non HTTP response message: Connect to 34.70.250.35:8080 [/34.70.250.35] failed: Connection timed out: connect,ThreadStressTestCase _15_600 3-12,text,false,,2715,0,15,30,http://34.70.250.35:8080/api/tasks,0,0,21045
1683411206370,21045,StressTestCase ,Non HTTP response code: org.apache.http.conn.HttpHostConnectException,Non HTTP response message: Connect to 34.70.250.35:8080 [/34.70.250.35] failed: Connection timed out: connect,ThreadStressTestCase _15_300 2-12,text,false,,2715,0,15,30,http://34.70.250.35:8080/api/tasks,0,0,21045
1683411206417,21045,StressTestCase ,Non HTTP response code: org.apache.http.conn.HttpHostConnectException,Non HTTP response message: Connect to 34.70.250.35:8080 [/34.70.250.35] failed: Connection timed out: connect,ThreadStressTestCase _15_600 3-13,text,false,,2715,0,15,30,http://34.70.250.35:8080/api/tasks,0,0,21045
1683411206481,21043,StressTestCase ,Non HTTP response code: org.apache.http.conn.HttpHostConnectException,Non HTTP response message: Connect to 34.70.250.35:8080 [/34.70.250.35] failed: Connection timed out: connect,ThreadStressTestCase _15_300 2-13,text,false,,2715,0,15,30,http://34.70.250.35:8080/api/tasks,0,0,21043
1683411206494,21046,StressTestCase ,Non HTTP response code: org.apache.http.conn.HttpHostConnectException,Non HTTP response message: Connect to 34.70.250.35:8080 [/34.70.250.35] failed: Connection timed out: connect,ThreadStressTestCase _15_600 3-15,text,false,,2715,0,15,30,http://34.70.250.35:8080/api/tasks,0,0,21046
1683411206497,21043,StressTestCase ,Non HTTP response code: org.apache.http.conn.HttpHostConnectException,Non HTTP response message: Connect to 34.70.250.35:8080 [/34.70.250.35] failed: Connection timed out: connect,ThreadStressTestCase _15_600 3-14,text,false,,2715,0,15,30,http://34.70.250.35:8080/api/tasks,0,0,21043
1683411206513,21043,StressTestCase ,Non HTTP response code: org.apache.http.conn.HttpHostConnectException,Non HTTP response message: Connect to 34.70.250.35:8080 [/34.70.250.35] failed: Connection timed out: connect,ThreadStressTestCase _15_300 2-14,text,false,,2715,0,15,30,http://34.70.250.35:8080/api/tasks,0,0,21043
1683411206529,21058,StressTestCase ,Non HTTP response code: org.apache.http.conn.HttpHostConnectException,Non HTTP response message: Connect to 34.70.250.35:8080 [/34.70.250.35] failed: Connection timed out: connect,ThreadStressTestCase _15_300 2-15,text,false,,2715,0,15,30,http://34.70.250.35:8080/api/tasks,0,0,21058
1683411227308,20273,StressTestCase ,Non HTTP response code: java.net.SocketException,Non HTTP response message: Socket operation on nonsocket: connect,ThreadStressTestCase _15_300 2-11,text,false,,2446,0,15,30,http://34.70.250.35:8080/api/tasks,0,0,20272
1683411227558,20024,StressTestCase ,Non HTTP response code: java.net.SocketException,Non HTTP response message: Socket operation on nonsocket: connect,ThreadStressTestCase _15_300 2-14,text,false,,2446,0,15,30,http://34.70.250.35:8080/api/tasks,0,0,20023
1683411227277,20306,StressTestCase ,Non HTTP response code: java.net.SocketException,Non HTTP response message: Socket operation on nonsocket: connect,ThreadStressTestCase _15_300 2-10,text,false,,2446,0,13,28,http://34.70.250.35:8080/api/tasks,0,0,20306
1683411227183,20400,StressTestCase ,Non HTTP response code: java.net.SocketException,Non HTTP response message: Socket operation on nonsocket: connect,ThreadStressTestCase _15_300 2-9,text,false,,2446,0,13,28,http://34.70.250.35:8080/api/tasks,0,0,20399
1683411226993,20591,StressTestCase ,Non HTTP response code: java.net.SocketException,Non HTTP response message: Socket operation on nonsocket: connect,ThreadStressTestCase _15_300 2-6,text,false,,2446,0,13,28,http://34.70.250.35:8080/api/tasks,0,0,20591
1683411226934,20651,StressTestCase ,Non HTTP response code: java.net.SocketException,Non HTTP response message: Socket operation on nonsocket: connect,ThreadStressTestCase _15_300 2-5,text,false,,2446,0,12,27,http://34.70.250.35:8080/api/tasks,0,0,20651
1683411227527,20059,StressTestCase ,Non HTTP response code: java.net.SocketException,Non HTTP response message: Socket operation on nonsocket: connect,ThreadStressTestCase _15_300 2-13,text,false,,2446,0,9,24,http://34.70.250.35:8080/api/tasks,0,0,20059
1683411226771,20816,StressTestCase ,Non HTTP response code: java.net.SocketException,Non HTTP response message: Socket operation on nonsocket: connect,ThreadStressTestCase _15_300 2-3,text,false,,2446,0,8,23,http://34.70.250.35:8080/api/tasks,0,0,20816
1683411227418,20170,StressTestCase ,Non HTTP response code: java.net.SocketException,Non HTTP response message: Socket operation on nonsocket: connect,ThreadStressTestCase _15_300 2-12,text,false,,2446,0,8,23,http://34.70.250.35:8080/api/tasks,0,0,20170
1683411226739,20850,StressTestCase ,Non HTTP response code: java.net.SocketException,Non HTTP response message: Socket operation on nonsocket: connect,ThreadStressTestCase _15_300 2-2,text,false,,2446,0,6,21,http://34.70.250.35:8080/api/tasks,0,0,20850
1683411227058,20532,StressTestCase ,Non HTTP response code: java.net.SocketException,Non HTTP response message: Socket operation on nonsocket: connect,ThreadStressTestCase _15_300 2-8,text,false,,2446,0,6,21,http://34.70.250.35:8080/api/tasks,0,0,20532
1683411226902,20689,StressTestCase ,Non HTTP response code: java.net.SocketException,Non HTTP response message: Socket operation on nonsocket: connect,ThreadStressTestCase _15_300 2-4,text,false,,2446,0,5,20,http://34.70.250.35:8080/api/tasks,0,0,20688
1683411227056,20535,StressTestCase ,Non HTTP response code: java.net.SocketException,Non HTTP response message: Socket operation on nonsocket: connect,ThreadStressTestCase _15_300 2-7,text,false,,2446,0,5,20,http://34.70.250.35:8080/api/tasks,0,0,20535
1683411227589,20004,StressTestCase ,Non HTTP response code: java.net.SocketException,Non HTTP response message: Socket operation on nonsocket: connect,ThreadStressTestCase _15_300 2-15,text,false,,2446,0,2,17,http://34.70.250.35:8080/api/tasks,0,0,20003
1683411226652,20941,StressTestCase ,Non HTTP response code: java.net.SocketException,Non HTTP response message: Socket operation on nonsocket: connect,ThreadStressTestCase _15_300 2-1,text,false,,2446,0,2,17,http://34.70.250.35:8080/api/tasks,0,0,20941
1683411227402,20192,StressTestCase ,Non HTTP response code: java.net.SocketException,Non HTTP response message: Socket operation on nonsocket: connect,ThreadStressTestCase _15_600 3-12,text,false,,2446,0,15,16,http://34.70.250.35:8080/api/tasks,0,0,20192
1683411227120,20474,StressTestCase ,Non HTTP response code: java.net.SocketException,Non HTTP response message: Socket operation on nonsocket: connect,ThreadStressTestCase _15_600 3-8,text,false,,2446,0,15,16,http://34.70.250.35:8080/api/tasks,0,0,20474
1683411227292,20303,StressTestCase ,Non HTTP response code: java.net.SocketException,Non HTTP response message: Socket operation on nonsocket: connect,ThreadStressTestCase _15_600 3-10,text,false,,2446,0,13,13,http://34.70.250.35:8080/api/tasks,0,0,20303
1683411227199,20397,StressTestCase ,Non HTTP response code: java.net.SocketException,Non HTTP response message: Socket operation on nonsocket: connect,ThreadStressTestCase _15_600 3-9,text,false,,2446,0,13,13,http://34.70.250.35:8080/api/tasks,0,0,20397
1683411226945,20652,StressTestCase ,Non HTTP response code: java.net.SocketException,Non HTTP response message: Socket operation on nonsocket: connect,ThreadStressTestCase _15_600 3-5,text,false,,2446,0,12,12,http://34.70.250.35:8080/api/tasks,0,0,20651
1683411226802,20795,StressTestCase ,Non HTTP response code: java.net.SocketException,Non HTTP response message: Socket operation on nonsocket: connect,ThreadStressTestCase _15_600 3-3,text,false,,2446,0,11,11,http://34.70.250.35:8080/api/tasks,0,0,20795
1683411226866,20732,StressTestCase ,Non HTTP response code: java.net.SocketException,Non HTTP response message: Socket operation on nonsocket: connect,ThreadStressTestCase _15_600 3-4,text,false,,2446,0,9,9,http://34.70.250.35:8080/api/tasks,0,0,20732
1683411227056,20542,StressTestCase ,Non HTTP response code: java.net.SocketException,Non HTTP response message: Socket operation on nonsocket: connect,ThreadStressTestCase _15_600 3-7,text,false,,2446,0,9,9,http://34.70.250.35:8080/api/tasks,0,0,20542
1683411227464,20135,StressTestCase ,Non HTTP response code: java.net.SocketException,Non HTTP response message: Socket operation on nonsocket: connect,ThreadStressTestCase _15_600 3-13,text,false,,2446,0,8,8,http://34.70.250.35:8080/api/tasks,0,0,20135
1683411227543,20056,StressTestCase ,Non HTTP response code: java.net.SocketException,Non HTTP response message: Socket operation on nonsocket: connect,ThreadStressTestCase _15_600 3-15,text,false,,2446,0,6,6,http://34.70.250.35:8080/api/tasks,0,0,20056
1683411226652,20948,StressTestCase ,Non HTTP response code: java.net.SocketException,Non HTTP response message: Socket operation on nonsocket: connect,ThreadStressTestCase _15_600 3-2,text,false,,2446,0,5,5,http://34.70.250.35:8080/api/tasks,0,0,20948
1683411227277,20323,StressTestCase ,Non HTTP response code: java.net.SocketException,Non HTTP response message: Socket operation on nonsocket: connect,ThreadStressTestCase _15_600 3-11,text,false,,2446,0,5,5,http://34.70.250.35:8080/api/tasks,0,0,20323
1683411227543,20058,StressTestCase ,Non HTTP response code: java.net.SocketException,Non HTTP response message: Socket operation on nonsocket: connect,ThreadStressTestCase _15_600 3-14,text,false,,2446,0,5,5,http://34.70.250.35:8080/api/tasks,0,0,20057
1683411226996,20606,StressTestCase ,Non HTTP response code: java.net.SocketException,Non HTTP response message: Socket operation on nonsocket: connect,ThreadStressTestCase _15_600 3-6,text,false,,2446,0,2,2,http://34.70.250.35:8080/api/tasks,0,0,20606
1683411226675,20927,StressTestCase ,Non HTTP response code: java.net.SocketException,Non HTTP response message: Socket operation on nonsocket: connect,ThreadStressTestCase _15_600 3-1,text,false,,2446,0,1,1,http://34.70.250.35:8080/api/tasks,0,0,20927
